copies,intensity
-0.003660197,0.050959704
0.084016163,0.060245624
0.178068587,0.1248115
0.045752463,0.229650524
0.352586783,0.267032117
0.70041531,0.730438687
1.427330447,1.025845872
2.863782106,1.691591795